text,label
How do I earn Qoyns?,FAQ
What are the platform policies?,FAQ
How do I refer someone?,FAQ
Where can I find the refund policy?,FAQ
How do I change my password?,FAQ
What is the payout schedule?,FAQ
How do I update my profile?,FAQ
How do I delete my account?,FAQ
Can I link my social media accounts?,FAQ
What are the rules for posting gigs?,FAQ
Is there a user guide?,FAQ
How do I contact support?,FAQ
Where are the platform tutorials?,FAQ
Can I change my username?,FAQ
What happens if I miss a deadline?,FAQ
Are there any fees for transactions?,FAQ
How do I report a bug?,FAQ
How do I upload a product?,FAQ
Where is the FAQ section?,FAQ
Can I hide my profile from search?,FAQ
How do I redeem points?,FAQ
Is there a mobile app?,FAQ
What is the onboarding process?,FAQ
How do I verify my email?,FAQ
Where can I see my transaction history?,FAQ
How do I earn Qoyns?,FAQ
What are the platform policies?,FAQ
How do I refer someone?,FAQ
Where can I find the refund policy?,FAQ
How do I change my password?,FAQ
What is the payout schedule?,FAQ
How do I update my profile?,FAQ
How do I delete my account?,FAQ
Can I link my social media accounts?,FAQ
What are the rules for posting gigs?,FAQ
Is there a user guide?,FAQ
How do I contact support?,FAQ
Where are the platform tutorials?,FAQ
Can I change my username?,FAQ
What happens if I miss a deadline?,FAQ
Are there any fees for transactions?,FAQ
How do I report a bug?,FAQ
How do I upload a product?,FAQ
Where is the FAQ section?,FAQ
Can I hide my profile from search?,FAQ
How do I redeem points?,FAQ
Is there a mobile app?,FAQ
What is the onboarding process?,FAQ
How do I verify my email?,FAQ
Where can I see my transaction history?,FAQ
How do I earn Qoyns?,FAQ
What are the platform policies?,FAQ
How do I refer someone?,FAQ
Where can I find the refund policy?,FAQ
How do I change my password?,FAQ
What is the payout schedule?,FAQ
How do I update my profile?,FAQ
How do I delete my account?,FAQ
Can I link my social media accounts?,FAQ
What are the rules for posting gigs?,FAQ
Is there a user guide?,FAQ
How do I contact support?,FAQ
Where are the platform tutorials?,FAQ
Can I change my username?,FAQ
What happens if I miss a deadline?,FAQ
Are there any fees for transactions?,FAQ
How do I report a bug?,FAQ
How do I upload a product?,FAQ
Where is the FAQ section?,FAQ
Can I hide my profile from search?,FAQ
How do I redeem points?,FAQ
Is there a mobile app?,FAQ
What is the onboarding process?,FAQ
How do I verify my email?,FAQ
Where can I see my transaction history?,FAQ
How do I earn Qoyns?,FAQ
What are the platform policies?,FAQ
How do I refer someone?,FAQ
Where can I find the refund policy?,FAQ
How do I change my password?,FAQ
What is the payout schedule?,FAQ
How do I update my profile?,FAQ
How do I delete my account?,FAQ
Can I link my social media accounts?,FAQ
What are the rules for posting gigs?,FAQ
Is there a user guide?,FAQ
How do I contact support?,FAQ
Where are the platform tutorials?,FAQ
Can I change my username?,FAQ
What happens if I miss a deadline?,FAQ
Are there any fees for transactions?,FAQ
How do I report a bug?,FAQ
How do I upload a product?,FAQ
Where is the FAQ section?,FAQ
Can I hide my profile from search?,FAQ
How do I redeem points?,FAQ
Is there a mobile app?,FAQ
What is the onboarding process?,FAQ
How do I verify my email?,FAQ
Where can I see my transaction history?,FAQ
Show me trending electronics,Product
I'm looking for a smartwatch,Product
Recommend a good pair of wireless headphones,Product
What products are on sale?,Product
Can I buy digital art here?,Product
Find me a budget laptop,Product
Where can I find phone accessories?,Product
Suggest tech gadgets for under $50,Product
What’s popular in gaming accessories?,Product
Can I search by product category?,Product
Are there any eco-friendly products?,Product
I want to buy handmade crafts,Product
Is there a new arrivals section?,Product
How do I filter by price?,Product
Suggest fitness gear,Product
Find me phone cases,Product
What are the best-selling items?,Product
Recommend tools for video creators,Product
Show me gift ideas,Product
I need a USB microphone,Product
Any deals on headphones?,Product
Do you have mobile chargers?,Product
List popular kitchen gadgets,Product
Suggest office equipment,Product
Find travel accessories,Product
Show me trending electronics,Product
I'm looking for a smartwatch,Product
Recommend a good pair of wireless headphones,Product
What products are on sale?,Product
Can I buy digital art here?,Product
Find me a budget laptop,Product
Where can I find phone accessories?,Product
Suggest tech gadgets for under $50,Product
What’s popular in gaming accessories?,Product
Can I search by product category?,Product
Are there any eco-friendly products?,Product
I want to buy handmade crafts,Product
Is there a new arrivals section?,Product
How do I filter by price?,Product
Suggest fitness gear,Product
Find me phone cases,Product
What are the best-selling items?,Product
Recommend tools for video creators,Product
Show me gift ideas,Product
I need a USB microphone,Product
Any deals on headphones?,Product
Do you have mobile chargers?,Product
List popular kitchen gadgets,Product
Suggest office equipment,Product
Find travel accessories,Product
Show me trending electronics,Product
I'm looking for a smartwatch,Product
Recommend a good pair of wireless headphones,Product
What products are on sale?,Product
Can I buy digital art here?,Product
Find me a budget laptop,Product
Where can I find phone accessories?,Product
Suggest tech gadgets for under $50,Product
What’s popular in gaming accessories?,Product
Can I search by product category?,Product
Are there any eco-friendly products?,Product
I want to buy handmade crafts,Product
Is there a new arrivals section?,Product
How do I filter by price?,Product
Suggest fitness gear,Product
Find me phone cases,Product
What are the best-selling items?,Product
Recommend tools for video creators,Product
Show me gift ideas,Product
I need a USB microphone,Product
Any deals on headphones?,Product
Do you have mobile chargers?,Product
List popular kitchen gadgets,Product
Suggest office equipment,Product
Find travel accessories,Product
Show me trending electronics,Product
I'm looking for a smartwatch,Product
Recommend a good pair of wireless headphones,Product
What products are on sale?,Product
Can I buy digital art here?,Product
Find me a budget laptop,Product
Where can I find phone accessories?,Product
Suggest tech gadgets for under $50,Product
What’s popular in gaming accessories?,Product
Can I search by product category?,Product
Are there any eco-friendly products?,Product
I want to buy handmade crafts,Product
Is there a new arrivals section?,Product
How do I filter by price?,Product
Suggest fitness gear,Product
Find me phone cases,Product
What are the best-selling items?,Product
Recommend tools for video creators,Product
Show me gift ideas,Product
I need a USB microphone,Product
Any deals on headphones?,Product
Do you have mobile chargers?,Product
List popular kitchen gadgets,Product
Suggest office equipment,Product
Find travel accessories,Product
Show me video editing gigs,Gig
Are there writing jobs available?,Gig
I want to offer logo design services,Gig
Suggest gigs for social media influencers,Gig
Find marketing gigs,Gig
Are there photography opportunities?,Gig
What gigs can I apply for today?,Gig
Suggest gigs that pay over $500,Gig
Are there remote gigs?,Gig
Show me trending gigs,Gig
Find freelance translation gigs,Gig
I want to review tech products,Gig
Can I get paid to test apps?,Gig
Any influencer sponsorships?,Gig
What are high-paying gigs?,Gig
Suggest gigs for students,Gig
List short-term jobs,Gig
Find me a gig related to video creation,Gig
Can I offer tutoring gigs?,Gig
What gigs match my skills?,Gig
Are there content creation jobs?,Gig
Show me brand partnership gigs,Gig
Find gigs for photographers,Gig
Can I offer fitness coaching?,Gig
Show me video editing gigs,Gig
Are there writing jobs available?,Gig
I want to offer logo design services,Gig
Suggest gigs for social media influencers,Gig
Find marketing gigs,Gig
Are there photography opportunities?,Gig
What gigs can I apply for today?,Gig
Suggest gigs that pay over $500,Gig
Are there remote gigs?,Gig
Show me trending gigs,Gig
Find freelance translation gigs,Gig
I want to review tech products,Gig
Can I get paid to test apps?,Gig
Any influencer sponsorships?,Gig
What are high-paying gigs?,Gig
Suggest gigs for students,Gig
List short-term jobs,Gig
Find me a gig related to video creation,Gig
Can I offer tutoring gigs?,Gig
What gigs match my skills?,Gig
Are there content creation jobs?,Gig
Show me brand partnership gigs,Gig
Find gigs for photographers,Gig
Can I offer fitness coaching?,Gig
Show me video editing gigs,Gig
Are there writing jobs available?,Gig
I want to offer logo design services,Gig
Suggest gigs for social media influencers,Gig
Find marketing gigs,Gig
Are there photography opportunities?,Gig
What gigs can I apply for today?,Gig
Suggest gigs that pay over $500,Gig
Are there remote gigs?,Gig
Show me trending gigs,Gig
Find freelance translation gigs,Gig
I want to review tech products,Gig
Can I get paid to test apps?,Gig
Any influencer sponsorships?,Gig
What are high-paying gigs?,Gig
Suggest gigs for students,Gig
List short-term jobs,Gig
Find me a gig related to video creation,Gig
Can I offer tutoring gigs?,Gig
What gigs match my skills?,Gig
Are there content creation jobs?,Gig
Show me brand partnership gigs,Gig
Find gigs for photographers,Gig
Can I offer fitness coaching?,Gig
Show me video editing gigs,Gig
Are there writing jobs available?,Gig
I want to offer logo design services,Gig
Suggest gigs for social media influencers,Gig
Find marketing gigs,Gig
Are there photography opportunities?,Gig
What gigs can I apply for today?,Gig
Suggest gigs that pay over $500,Gig
Are there remote gigs?,Gig
Show me trending gigs,Gig
Find freelance translation gigs,Gig
I want to review tech products,Gig
Can I get paid to test apps?,Gig
Any influencer sponsorships?,Gig
What are high-paying gigs?,Gig
Suggest gigs for students,Gig
List short-term jobs,Gig
Find me a gig related to video creation,Gig
Can I offer tutoring gigs?,Gig
What gigs match my skills?,Gig
Are there content creation jobs?,Gig
Show me brand partnership gigs,Gig
Find gigs for photographers,Gig
Can I offer fitness coaching?,Gig
List gigs for web developers,Gig
Are there data entry jobs?,Gig
Suggest voiceover opportunities,Gig
Find gigs for UI/UX designers,Gig
"Hello, how are you?",General
What's new today?,General
Tell me something interesting,General
This platform looks cool,General
Thanks for your help!,General
I like this site,General
Not sure what I’m looking for,General
Can you help me?,General
What's the weather today?,General
How’s your day going?,General
You’re doing great,General
Tell me a joke,General
What can you do?,General
Surprise me,General
Do you have any tips?,General
Nice interface!,General
How can you assist me?,General
I’m just browsing,General
No specific question,General
"Cool, thanks!",General
That’s awesome,General
I love this,General
Do you have pets?,General
Random question: Do you dream?,General
What's your favorite color?,General
"Hello, how are you?",General
What's new today?,General
Tell me something interesting,General
This platform looks cool,General
Thanks for your help!,General
I like this site,General
Not sure what I’m looking for,General
Can you help me?,General
What's the weather today?,General
How’s your day going?,General
You’re doing great,General
Tell me a joke,General
What can you do?,General
Surprise me,General
Do you have any tips?,General
Nice interface!,General
How can you assist me?,General
I’m just browsing,General
No specific question,General
"Cool, thanks!",General
That’s awesome,General
I love this,General
Do you have pets?,General
Random question: Do you dream?,General
What's your favorite color?,General
"Hello, how are you?",General
What's new today?,General
Tell me something interesting,General
This platform looks cool,General
Thanks for your help!,General
I like this site,General
Not sure what I’m looking for,General
Can you help me?,General
What's the weather today?,General
How’s your day going?,General
You’re doing great,General
Tell me a joke,General
What can you do?,General
Surprise me,General
Do you have any tips?,General
Nice interface!,General
How can you assist me?,General
I’m just browsing,General
No specific question,General
"Cool, thanks!",General
That’s awesome,General
I love this,General
Do you have pets?,General
Random question: Do you dream?,General
What's your favorite color?,General
"Hello, how are you?",General
What's new today?,General
Tell me something interesting,General
This platform looks cool,General
Thanks for your help!,General
I like this site,General
Not sure what I’m looking for,General
Can you help me?,General
What's the weather today?,General
How’s your day going?,General
You’re doing great,General
Tell me a joke,General
What can you do?,General
Surprise me,General
Do you have any tips?,General
Nice interface!,General
How can you assist me?,General
I’m just browsing,General
No specific question,General
"Cool, thanks!",General
That’s awesome,General
I love this,General
Do you have pets?,General
Random question: Do you dream?,General
What's your favorite color?,General
